file,class,NprotM,BOvR,ATFD,ATLD,LAA,BUR,FDP,line
C:\Users\syuuj\gitProject\analysis-ik\src\main\java\org\wltea\analyzer\dic\Dictionary.java,org.wltea.analyzer.dic.Dictionary,0.0,-1.0,35.0,59.0,0.62765956,-1.0,15.0,65
C:\Users\syuuj\gitProject\analysis-ik\src\main\java\org\elasticsearch\plugin\analysis\ik\AnalysisIkPlugin.java,org.elasticsearch.plugin.analysis.ik.AnalysisIkPlugin,0.0,0.0,0.0,0.0,-1.0,-1.0,0.0,16
C:\Users\syuuj\gitProject\analysis-ik\src\main\java\org\wltea\analyzer\core\CJKSegmenter.java,org.wltea.analyzer.core.CJKSegmenter,0.0,-1.0,16.0,3.0,0.15789473,-1.0,5.0,38
C:\Users\syuuj\gitProject\analysis-ik\src\main\java\org\wltea\analyzer\cfg\Configuration.java,org.wltea.analyzer.cfg.Configuration,0.0,-1.0,9.0,11.0,0.55,-1.0,7.0,16
C:\Users\syuuj\gitProject\analysis-ik\src\main\java\org\wltea\analyzer\core\IKArbitrator.java,org.wltea.analyzer.core.IKArbitrator,0.0,-1.0,9.0,0.0,0.0,-1.0,4.0,33
C:\Users\syuuj\gitProject\analysis-ik\src\main\java\org\wltea\analyzer\lucene\IKAnalyzer.java,org.wltea.analyzer.lucene.IKAnalyzer,0.0,0.0,0.0,2.0,1.0,-1.0,0.0,35
C:\Users\syuuj\gitProject\analysis-ik\src\main\java\org\wltea\analyzer\core\QuickSortSet.java,org.wltea.analyzer.core.QuickSortSet$Cell,0.0,-1.0,0.0,4.0,1.0,-1.0,0.0,211
C:\Users\syuuj\gitProject\analysis-ik\src\main\java\org\wltea\analyzer\dic\DictSegment.java,org.wltea.analyzer.dic.DictSegment,0.0,-1.0,12.0,31.0,0.7209302,-1.0,3.0,35
C:\Users\syuuj\gitProject\analysis-ik\src\main\java\org\wltea\analyzer\core\AnalyzeContext.java,org.wltea.analyzer.core.AnalyzeContext,0.0,-1.0,31.0,75.0,0.7075472,-1.0,5.0,43
C:\Users\syuuj\gitProject\analysis-ik\src\main\java\org\wltea\analyzer\core\CharacterUtil.java,org.wltea.analyzer.core.CharacterUtil,0.0,-1.0,10.0,5.0,0.33333334,-1.0,1.0,32
C:\Users\syuuj\gitProject\analysis-ik\src\main\java\org\wltea\analyzer\core\CN_QuantifierSegmenter.java,org.wltea.analyzer.core.CN_QuantifierSegmenter,0.0,-1.0,36.0,27.0,0.42857143,-1.0,5.0,39
C:\Users\syuuj\gitProject\analysis-ik\src\main\java\org\wltea\analyzer\core\LexemePath.java,org.wltea.analyzer.core.LexemePath,0.0,0.0,41.0,60.0,0.5940594,-1.0,3.0,31
C:\Users\syuuj\gitProject\analysis-ik\src\main\java\org\wltea\analyzer\core\LetterSegmenter.java,org.wltea.analyzer.core.LetterSegmenter,0.0,-1.0,41.0,76.0,0.6495727,-1.0,3.0,33
C:\Users\syuuj\gitProject\analysis-ik\src\main\java\org\wltea\analyzer\core\QuickSortSet.java,org.wltea.analyzer.core.QuickSortSet,0.0,-1.0,18.0,32.0,0.64,-1.0,1.0,30
C:\Users\syuuj\gitProject\analysis-ik\src\main\java\org\wltea\analyzer\dic\Hit.java,org.wltea.analyzer.dic.Hit,0.0,-1.0,0.0,20.0,1.0,-1.0,0.0,31
C:\Users\syuuj\gitProject\analysis-ik\src\main\java\org\wltea\analyzer\help\PrefixPluginLogger.java,org.wltea.analyzer.help.PrefixPluginLogger,0.0,0.0,2.0,4.0,0.6666667,-1.0,2.0,13
C:\Users\syuuj\gitProject\analysis-ik\src\main\java\org\wltea\analyzer\help\Sleep.java,org.wltea.analyzer.help.Sleep,0.0,-1.0,5.0,0.0,0.0,-1.0,2.0,5
C:\Users\syuuj\gitProject\analysis-ik\src\main\java\org\wltea\analyzer\help\Sleep.java,org.wltea.analyzer.help.Sleep$Type,0.0,0.0,0.0,0.0,-1.0,-1.0,0.0,9
C:\Users\syuuj\gitProject\analysis-ik\src\main\java\org\wltea\analyzer\lucene\IKTokenizer.java,org.wltea.analyzer.lucene.IKTokenizer,0.0,0.0,19.0,11.0,0.36666667,-1.0,6.0,47
C:\Users\syuuj\gitProject\analysis-ik\src\main\java\org\elasticsearch\index\analysis\IkAnalyzerProvider.java,org.elasticsearch.index.analysis.IkAnalyzerProvider,0.0,0.0,1.0,2.0,0.6666667,-1.0,1.0,9
C:\Users\syuuj\gitProject\analysis-ik\src\main\java\org\wltea\analyzer\dic\Monitor.java,org.wltea.analyzer.dic.Monitor,0.0,-1.0,36.0,14.0,0.28,-1.0,9.0,16
C:\Users\syuuj\gitProject\analysis-ik\src\main\java\org\wltea\analyzer\core\Lexeme.java,org.wltea.analyzer.core.Lexeme,0.0,-1.0,0.0,60.0,1.0,-1.0,0.0,30
C:\Users\syuuj\gitProject\analysis-ik\src\main\java\org\elasticsearch\index\analysis\IkTokenizerFactory.java,org.elasticsearch.index.analysis.IkTokenizerFactory,0.0,0.0,1.0,4.0,0.8,-1.0,1.0,10
C:\Users\syuuj\gitProject\analysis-ik\src\main\java\org\wltea\analyzer\core\IKSegmenter.java,org.wltea.analyzer.core.IKSegmenter,0.0,-1.0,1.0,13.0,0.9285714,-1.0,1.0,37
C:\Users\syuuj\gitProject\analysis-ik\src\main\java\org\wltea\analyzer\help\CharacterHelper.java,org.wltea.analyzer.help.CharacterHelper,0.0,-1.0,10.0,0.0,0.0,-1.0,1.0,4
C:\Users\syuuj\gitProject\analysis-ik\src\main\java\org\wltea\analyzer\core\ISegmenter.java,org.wltea.analyzer.core.ISegmenter,0.0,-1.0,0.0,0.0,-1.0,-1.0,0.0,32
C:\Users\syuuj\gitProject\analysis-ik\src\main\java\org\wltea\analyzer\dic\Dictionary.java,org.wltea.analyzer.dic.Dictionary$178,0.0,0.0,2.0,0.0,0.0,-1.0,1.0,178
C:\Users\syuuj\gitProject\analysis-ik\src\main\java\org\wltea\analyzer\help\ESPluginLoggerFactory.java,org.wltea.analyzer.help.ESPluginLoggerFactory,0.0,-1.0,5.0,3.0,0.375,-1.0,3.0,7
